""	"1"	"2"	"3"	"4"	"5"	"6"	"7"	"8"	"9"	"10"	"11"	"12"	"13"	"14"	"15"	"16"	"17"	"18"	"19"	"20"	"21"	"22"	"23"	"24"	"25"	"26"	"27"	"28"	"29"	"30"
"V1"	544761.820206336	544761.820206336	544761.820206336	544761.820206336	544761.820206336	544761.820206336	544761.820206336	544761.820206336	544761.820206336	544761.820206336	544761.820206336	544761.820206336	544761.820206336	544761.820206336	544761.820206336	544761.820206336	544761.820206336	544761.820206336	544761.820206336	544761.820206336	544761.820206336	544761.820206336	544761.820206336	544761.820206336	544761.820206336	544761.820206336	544761.820206336	544761.820206336	544761.820206336	544761.820206336
"V2"	214213.886278258	214213.886278258	214213.886278258	214213.886278258	214213.886278258	214213.886278258	214213.886278258	214213.886278258	214213.886278258	214213.886278258	214213.886278258	214213.886278258	214213.886278258	214213.886278258	214213.886278258	214213.886278258	214213.886278258	214213.886278258	214213.886278258	214213.886278258	214213.886278258	214213.886278258	214213.886278258	214213.886278258	214213.886278258	214213.886278258	214213.886278258	214213.886278258	214213.886278258	214213.886278258
"V3"	99311.5524265546	99311.5524265546	99311.5524265546	99311.5524265546	99311.5524265546	99311.5524265546	99311.5524265546	99311.5524265546	99311.5524265546	99311.5524265546	99311.5524265546	99311.5524265546	99311.5524265546	99311.5524265546	99311.5524265546	99311.5524265546	99311.5524265546	99311.5524265546	99311.5524265546	99311.5524265546	99311.5524265546	99311.5524265546	99311.5524265546	99311.5524265546	99311.5524265546	99311.5524265546	99311.5524265546	99311.5524265546	99311.5524265546	99311.5524265546
"V4"	52099.1317231762	52099.1317231762	52099.1317231762	52099.1317231762	52099.1317231762	52099.1317231762	52099.1317231762	52099.1317231762	52099.1317231762	52099.1317231762	52099.1317231762	52099.1317231762	52099.1317231762	52099.1317231762	52099.1317231762	52099.1317231762	52099.1317231762	52099.1317231762	52099.1317231762	52099.1317231762	52099.1317231762	52099.1317231762	52099.1317231762	52099.1317231762	52099.1317231762	52099.1317231762	52099.1317231762	52099.1317231762	52099.1317231762	52099.1317231762
"V5"	29837.487196897	29837.487196897	29837.487196897	29837.487196897	29837.487196897	29837.487196897	29837.487196897	29837.487196897	29837.487196897	29837.487196897	29837.487196897	29837.487196897	29837.487196897	29837.487196897	29837.487196897	29837.487196897	29837.487196897	29837.487196897	29837.487196897	29837.487196897	29837.487196897	29837.487196897	29837.487196897	29837.487196897	29837.487196897	29837.487196897	29837.487196897	29837.487196897	29837.487196897	29837.487196897
"V6"	18235.8275362392	18235.8275362392	18235.8275362392	18235.8275362392	18235.8275362392	18235.8275362392	18235.8275362392	18235.8275362392	18235.8275362392	18235.8275362392	18235.8275362392	18235.8275362392	18235.8275362392	18235.8275362392	18235.8275362392	18235.8275362392	18235.8275362392	18235.8275362392	18235.8275362392	18235.8275362392	18235.8275362392	18235.8275362392	18235.8275362392	18235.8275362392	18235.8275362392	18235.8275362392	18235.8275362392	18235.8275362392	18235.8275362392	18235.8275362392
"V7"	11718.3427297782	11718.3427297782	11718.3427297782	11718.3427297782	11718.3427297782	11718.3427297782	11718.3427297782	11718.3427297782	11718.3427297782	11718.3427297782	11718.3427297782	11718.3427297782	11718.3427297782	11718.3427297782	11718.3427297782	11718.3427297782	11718.3427297782	11718.3427297782	11718.3427297782	11718.3427297782	11718.3427297782	11718.3427297782	11718.3427297782	11718.3427297782	11718.3427297782	11718.3427297782	11718.3427297782	11718.3427297782	11718.3427297782	11718.3427297782
"V8"	7837.09764658946	7837.09764658946	7837.09764658946	7837.09764658946	7837.09764658946	7837.09764658946	7837.09764658946	7837.09764658946	7837.09764658946	7837.09764658946	7837.09764658946	7837.09764658946	7837.09764658946	7837.09764658946	7837.09764658946	7837.09764658946	7837.09764658946	7837.09764658946	7837.09764658946	7837.09764658946	7837.09764658946	7837.09764658946	7837.09764658946	7837.09764658946	7837.09764658946	7837.09764658946	7837.09764658946	7837.09764658946	7837.09764658946	7837.09764658946
"V9"	5415.28858701243	5415.28858701243	5415.28858701243	5415.28858701243	5415.28858701243	5415.28858701243	5415.28858701243	5415.28858701243	5415.28858701243	5415.28858701243	5415.28858701243	5415.28858701243	5415.28858701243	5415.28858701243	5415.28858701243	5415.28858701243	5415.28858701243	5415.28858701243	5415.28858701243	5415.28858701243	5415.28858701243	5415.28858701243	5415.28858701243	5415.28858701243	5415.28858701243	5415.28858701243	5415.28858701243	5415.28858701243	5415.28858701243	5415.28858701243
"V10"	3845.15734371013	3845.15734371013	3845.15734371013	3845.15734371013	3845.15734371013	3845.15734371013	3845.15734371013	3845.15734371013	3845.15734371013	3845.15734371013	3845.15734371013	3845.15734371013	3845.15734371013	3845.15734371013	3845.15734371013	3845.15734371013	3845.15734371013	3845.15734371013	3845.15734371013	3845.15734371013	3845.15734371013	3845.15734371013	3845.15734371013	3845.15734371013	3845.15734371013	3845.15734371013	3845.15734371013	3845.15734371013	3845.15734371013	3845.15734371013
"V11"	2794.07898388425	2794.07898388425	2794.07898388425	2794.07898388425	2794.07898388425	2794.07898388425	2794.07898388425	2794.07898388425	2794.07898388425	2794.07898388425	2794.07898388425	2794.07898388425	2794.07898388425	2794.07898388425	2794.07898388425	2794.07898388425	2794.07898388425	2794.07898388425	2794.07898388425	2794.07898388425	2794.07898388425	2794.07898388425	2794.07898388425	2794.07898388425	2794.07898388425	2794.07898388425	2794.07898388425	2794.07898388425	2794.07898388425	2794.07898388425
"V12"	2071.06194601294	2071.06194601294	2071.06194601294	2071.06194601294	2071.06194601294	2071.06194601294	2071.06194601294	2071.06194601294	2071.06194601294	2071.06194601294	2071.06194601294	2071.06194601294	2071.06194601294	2071.06194601294	2071.06194601294	2071.06194601294	2071.06194601294	2071.06194601294	2071.06194601294	2071.06194601294	2071.06194601294	2071.06194601294	2071.06194601294	2071.06194601294	2071.06194601294	2071.06194601294	2071.06194601294	2071.06194601294	2071.06194601294	2071.06194601294
"V13"	1561.92137081243	1561.92137081243	1561.92137081243	1561.92137081243	1561.92137081243	1561.92137081243	1561.92137081243	1561.92137081243	1561.92137081243	1561.92137081243	1561.92137081243	1561.92137081243	1561.92137081243	1561.92137081243	1561.92137081243	1561.92137081243	1561.92137081243	1561.92137081243	1561.92137081243	1561.92137081243	1561.92137081243	1561.92137081243	1561.92137081243	1561.92137081243	1561.92137081243	1561.92137081243	1561.92137081243	1561.92137081243	1561.92137081243	1561.92137081243
"V14"	1195.99628325997	1195.99628325997	1195.99628325997	1195.99628325997	1195.99628325997	1195.99628325997	1195.99628325997	1195.99628325997	1195.99628325997	1195.99628325997	1195.99628325997	1195.99628325997	1195.99628325997	1195.99628325997	1195.99628325997	1195.99628325997	1195.99628325997	1195.99628325997	1195.99628325997	1195.99628325997	1195.99628325997	1195.99628325997	1195.99628325997	1195.99628325997	1195.99628325997	1195.99628325997	1195.99628325997	1195.99628325997	1195.99628325997	1195.99628325997
"V15"	928.235808068796	928.235808068796	928.235808068796	928.235808068796	928.235808068796	928.235808068796	928.235808068796	928.235808068796	928.235808068796	928.235808068796	928.235808068796	928.235808068796	928.235808068796	928.235808068796	928.235808068796	928.235808068796	928.235808068796	928.235808068796	928.235808068796	928.235808068796	928.235808068796	928.235808068796	928.235808068796	928.235808068796	928.235808068796	928.235808068796	928.235808068796	928.235808068796	928.235808068796	928.235808068796
"V16"	729.158491170268	729.158491170268	729.158491170268	729.158491170268	729.158491170268	729.158491170268	729.158491170268	729.158491170268	729.158491170268	729.158491170268	729.158491170268	729.158491170268	729.158491170268	729.158491170268	729.158491170268	729.158491170268	729.158491170268	729.158491170268	729.158491170268	729.158491170268	729.158491170268	729.158491170268	729.158491170268	729.158491170268	729.158491170268	729.158491170268	729.158491170268	729.158491170268	729.158491170268	729.158491170268
"V17"	579.0226989116	579.0226989116	579.0226989116	579.0226989116	579.0226989116	579.0226989116	579.0226989116	579.0226989116	579.0226989116	579.0226989116	579.0226989116	579.0226989116	579.0226989116	579.0226989116	579.0226989116	579.0226989116	579.0226989116	579.0226989116	579.0226989116	579.0226989116	579.0226989116	579.0226989116	579.0226989116	579.0226989116	579.0226989116	579.0226989116	579.0226989116	579.0226989116	579.0226989116	579.0226989116
"V18"	464.335682191314	464.335682191314	464.335682191314	464.335682191314	464.335682191314	464.335682191314	464.335682191314	464.335682191314	464.335682191314	464.335682191314	464.335682191314	464.335682191314	464.335682191314	464.335682191314	464.335682191314	464.335682191314	464.335682191314	464.335682191314	464.335682191314	464.335682191314	464.335682191314	464.335682191314	464.335682191314	464.335682191314	464.335682191314	464.335682191314	464.335682191314	464.335682191314	464.335682191314	464.335682191314
"V19"	375.705097612256	375.705097612256	375.705097612256	375.705097612256	375.705097612256	375.705097612256	375.705097612256	375.705097612256	375.705097612256	375.705097612256	375.705097612256	375.705097612256	375.705097612256	375.705097612256	375.705097612256	375.705097612256	375.705097612256	375.705097612256	375.705097612256	375.705097612256	375.705097612256	375.705097612256	375.705097612256	375.705097612256	375.705097612256	375.705097612256	375.705097612256	375.705097612256	375.705097612256	375.705097612256
"V20"	306.48406077166	306.48406077166	306.48406077166	306.48406077166	306.48406077166	306.48406077166	306.48406077166	306.48406077166	306.48406077166	306.48406077166	306.48406077166	306.48406077166	306.48406077166	306.48406077166	306.48406077166	306.48406077166	306.48406077166	306.48406077166	306.48406077166	306.48406077166	306.48406077166	306.48406077166	306.48406077166	306.48406077166	306.48406077166	306.48406077166	306.48406077166	306.48406077166	306.48406077166	306.48406077166
"V21"	251.897705955678	251.897705955678	251.897705955678	251.897705955678	251.897705955678	251.897705955678	251.897705955678	251.897705955678	251.897705955678	251.897705955678	251.897705955678	251.897705955678	251.897705955678	251.897705955678	251.897705955678	251.897705955678	251.897705955678	251.897705955678	251.897705955678	251.897705955678	251.897705955678	251.897705955678	251.897705955678	251.897705955678	251.897705955678	251.897705955678	251.897705955678	251.897705955678	251.897705955678	251.897705955678
"V22"	208.468879975521	208.468879975521	208.468879975521	208.468879975521	208.468879975521	208.468879975521	208.468879975521	208.468879975521	208.468879975521	208.468879975521	208.468879975521	208.468879975521	208.468879975521	208.468879975521	208.468879975521	208.468879975521	208.468879975521	208.468879975521	208.468879975521	208.468879975521	208.468879975521	208.468879975521	208.468879975521	208.468879975521	208.468879975521	208.468879975521	208.468879975521	208.468879975521	208.468879975521	208.468879975521
"V23"	173.633671901662	173.633671901662	173.633671901662	173.633671901662	173.633671901662	173.633671901662	173.633671901662	173.633671901662	173.633671901662	173.633671901662	173.633671901662	173.633671901662	173.633671901662	173.633671901662	173.633671901662	173.633671901662	173.633671901662	173.633671901662	173.633671901662	173.633671901662	173.633671901662	173.633671901662	173.633671901662	173.633671901662	173.633671901662	173.633671901662	173.633671901662	173.633671901662	173.633671901662	173.633671901662
"V24"	145.47977104601	145.47977104601	145.47977104601	145.47977104601	145.47977104601	145.47977104601	145.47977104601	145.47977104601	145.47977104601	145.47977104601	145.47977104601	145.47977104601	145.47977104601	145.47977104601	145.47977104601	145.47977104601	145.47977104601	145.47977104601	145.47977104601	145.47977104601	145.47977104601	145.47977104601	145.47977104601	145.47977104601	145.47977104601	145.47977104601	145.47977104601	145.47977104601	145.47977104601	145.47977104601
"V25"	122.565715370286	122.565715370286	122.565715370286	122.565715370286	122.565715370286	122.565715370286	122.565715370286	122.565715370286	122.565715370286	122.565715370286	122.565715370286	122.565715370286	122.565715370286	122.565715370286	122.565715370286	122.565715370286	122.565715370286	122.565715370286	122.565715370286	122.565715370286	122.565715370286	122.565715370286	122.565715370286	122.565715370286	122.565715370286	122.565715370286	122.565715370286	122.565715370286	122.565715370286	122.565715370286
"V26"	103.794282509871	103.794282509871	103.794282509871	103.794282509871	103.794282509871	103.794282509871	103.794282509871	103.794282509871	103.794282509871	103.794282509871	103.794282509871	103.794282509871	103.794282509871	103.794282509871	103.794282509871	103.794282509871	103.794282509871	103.794282509871	103.794282509871	103.794282509871	103.794282509871	103.794282509871	103.794282509871	103.794282509871	103.794282509871	103.794282509871	103.794282509871	103.794282509871	103.794282509871	103.794282509871
"V27"	88.3226654306975	88.3226654306975	88.3226654306975	88.3226654306975	88.3226654306975	88.3226654306975	88.3226654306975	88.3226654306975	88.3226654306975	88.3226654306975	88.3226654306975	88.3226654306975	88.3226654306975	88.3226654306975	88.3226654306975	88.3226654306975	88.3226654306975	88.3226654306975	88.3226654306975	88.3226654306975	88.3226654306975	88.3226654306975	88.3226654306975	88.3226654306975	88.3226654306975	88.3226654306975	88.3226654306975	88.3226654306975	88.3226654306975	88.3226654306975
"V28"	75.4979868745058	75.4979868745058	75.4979868745058	75.4979868745058	75.4979868745058	75.4979868745058	75.4979868745058	75.4979868745058	75.4979868745058	75.4979868745058	75.4979868745058	75.4979868745058	75.4979868745058	75.4979868745058	75.4979868745058	75.4979868745058	75.4979868745058	75.4979868745058	75.4979868745058	75.4979868745058	75.4979868745058	75.4979868745058	75.4979868745058	75.4979868745058	75.4979868745058	75.4979868745058	75.4979868745058	75.4979868745058	75.4979868745058	75.4979868745058
"V29"	64.8104928967399	64.8104928967399	64.8104928967399	64.8104928967399	64.8104928967399	64.8104928967399	64.8104928967399	64.8104928967399	64.8104928967399	64.8104928967399	64.8104928967399	64.8104928967399	64.8104928967399	64.8104928967399	64.8104928967399	64.8104928967399	64.8104928967399	64.8104928967399	64.8104928967399	64.8104928967399	64.8104928967399	64.8104928967399	64.8104928967399	64.8104928967399	64.8104928967399	64.8104928967399	64.8104928967399	64.8104928967399	64.8104928967399	64.8104928967399
"V30"	55.8592288180785	55.8592288180785	55.8592288180785	55.8592288180785	55.8592288180785	55.8592288180785	55.8592288180785	55.8592288180785	55.8592288180785	55.8592288180785	55.8592288180785	55.8592288180785	55.8592288180785	55.8592288180785	55.8592288180785	55.8592288180785	55.8592288180785	55.8592288180785	55.8592288180785	55.8592288180785	55.8592288180785	55.8592288180785	55.8592288180785	55.8592288180785	55.8592288180785	55.8592288180785	55.8592288180785	55.8592288180785	55.8592288180785	55.8592288180785
"V31"	48.3266267006857	48.3266267006857	48.3266267006857	48.3266267006857	48.3266267006857	48.3266267006857	48.3266267006857	48.3266267006857	48.3266267006857	48.3266267006857	48.3266267006857	48.3266267006857	48.3266267006857	48.3266267006857	48.3266267006857	48.3266267006857	48.3266267006857	48.3266267006857	48.3266267006857	48.3266267006857	48.3266267006857	48.3266267006857	48.3266267006857	48.3266267006857	48.3266267006857	48.3266267006857	48.3266267006857	48.3266267006857	48.3266267006857	48.3266267006857
"V32"	41.9595212673075	41.9595212673075	41.9595212673075	41.9595212673075	41.9595212673075	41.9595212673075	41.9595212673075	41.9595212673075	41.9595212673075	41.9595212673075	41.9595212673075	41.9595212673075	41.9595212673075	41.9595212673075	41.9595212673075	41.9595212673075	41.9595212673075	41.9595212673075	41.9595212673075	41.9595212673075	41.9595212673075	41.9595212673075	41.9595212673075	41.9595212673075	41.9595212673075	41.9595212673075	41.9595212673075	41.9595212673075	41.9595212673075	41.9595212673075
"V33"	36.5548482995853	36.5548482995853	36.5548482995853	36.5548482995853	36.5548482995853	36.5548482995853	36.5548482995853	36.5548482995853	36.5548482995853	36.5548482995853	36.5548482995853	36.5548482995853	36.5548482995853	36.5548482995853	36.5548482995853	36.5548482995853	36.5548482995853	36.5548482995853	36.5548482995853	36.5548482995853	36.5548482995853	36.5548482995853	36.5548482995853	36.5548482995853	36.5548482995853	36.5548482995853	36.5548482995853	36.5548482995853	36.5548482995853	36.5548482995853
"V34"	31.9487849886154	31.9487849886154	31.9487849886154	31.9487849886154	31.9487849886154	31.9487849886154	31.9487849886154	31.9487849886154	31.9487849886154	31.9487849886154	31.9487849886154	31.9487849886154	31.9487849886154	31.9487849886154	31.9487849886154	31.9487849886154	31.9487849886154	31.9487849886154	31.9487849886154	31.9487849886154	31.9487849886154	31.9487849886154	31.9487849886154	31.9487849886154	31.9487849886154	31.9487849886154	31.9487849886154	31.9487849886154	31.9487849886154	31.9487849886154
"V35"	28.008442156454	28.008442156454	28.008442156454	28.008442156454	28.008442156454	28.008442156454	28.008442156454	28.008442156454	28.008442156454	28.008442156454	28.008442156454	28.008442156454	28.008442156454	28.008442156454	28.008442156454	28.008442156454	28.008442156454	28.008442156454	28.008442156454	28.008442156454	28.008442156454	28.008442156454	28.008442156454	28.008442156454	28.008442156454	28.008442156454	28.008442156454	28.008442156454	28.008442156454	28.008442156454
"V36"	24.6254637996401	24.6254637996401	24.6254637996401	24.6254637996401	24.6254637996401	24.6254637996401	24.6254637996401	24.6254637996401	24.6254637996401	24.6254637996401	24.6254637996401	24.6254637996401	24.6254637996401	24.6254637996401	24.6254637996401	24.6254637996401	24.6254637996401	24.6254637996401	24.6254637996401	24.6254637996401	24.6254637996401	24.6254637996401	24.6254637996401	24.6254637996401	24.6254637996401	24.6254637996401	24.6254637996401	24.6254637996401	24.6254637996401	24.6254637996401
"V37"	21.7110631324896	21.7110631324896	21.7110631324896	21.7110631324896	21.7110631324896	21.7110631324896	21.7110631324896	21.7110631324896	21.7110631324896	21.7110631324896	21.7110631324896	21.7110631324896	21.7110631324896	21.7110631324896	21.7110631324896	21.7110631324896	21.7110631324896	21.7110631324896	21.7110631324896	21.7110631324896	21.7110631324896	21.7110631324896	21.7110631324896	21.7110631324896	21.7110631324896	21.7110631324896	21.7110631324896	21.7110631324896	21.7110631324896	21.7110631324896
"V38"	19.1921483738601	19.1921483738601	19.1921483738601	19.1921483738601	19.1921483738601	19.1921483738601	19.1921483738601	19.1921483738601	19.1921483738601	19.1921483738601	19.1921483738601	19.1921483738601	19.1921483738601	19.1921483738601	19.1921483738601	19.1921483738601	19.1921483738601	19.1921483738601	19.1921483738601	19.1921483738601	19.1921483738601	19.1921483738601	19.1921483738601	19.1921483738601	19.1921483738601	19.1921483738601	19.1921483738601	19.1921483738601	19.1921483738601	19.1921483738601
"V39"	17.0082809022216	17.0082809022216	17.0082809022216	17.0082809022216	17.0082809022216	17.0082809022216	17.0082809022216	17.0082809022216	17.0082809022216	17.0082809022216	17.0082809022216	17.0082809022216	17.0082809022216	17.0082809022216	17.0082809022216	17.0082809022216	17.0082809022216	17.0082809022216	17.0082809022216	17.0082809022216	17.0082809022216	17.0082809022216	17.0082809022216	17.0082809022216	17.0082809022216	17.0082809022216	17.0082809022216	17.0082809022216	17.0082809022216	17.0082809022216
"V40"	15.1092733335479	15.1092733335479	15.1092733335479	15.1092733335479	15.1092733335479	15.1092733335479	15.1092733335479	15.1092733335479	15.1092733335479	15.1092733335479	15.1092733335479	15.1092733335479	15.1092733335479	15.1092733335479	15.1092733335479	15.1092733335479	15.1092733335479	15.1092733335479	15.1092733335479	15.1092733335479	15.1092733335479	15.1092733335479	15.1092733335479	15.1092733335479	15.1092733335479	15.1092733335479	15.1092733335479	15.1092733335479	15.1092733335479	15.1092733335479
"V41"	13.453282616407	13.453282616407	13.453282616407	13.453282616407	13.453282616407	13.453282616407	13.453282616407	13.453282616407	13.453282616407	13.453282616407	13.453282616407	13.453282616407	13.453282616407	13.453282616407	13.453282616407	13.453282616407	13.453282616407	13.453282616407	13.453282616407	13.453282616407	13.453282616407	13.453282616407	13.453282616407	13.453282616407	13.453282616407	13.453282616407	13.453282616407	13.453282616407	13.453282616407	13.453282616407
"V42"	12.0052883071503	12.0052883071503	12.0052883071503	12.0052883071503	12.0052883071503	12.0052883071503	12.0052883071503	12.0052883071503	12.0052883071503	12.0052883071503	12.0052883071503	12.0052883071503	12.0052883071503	12.0052883071503	12.0052883071503	12.0052883071503	12.0052883071503	12.0052883071503	12.0052883071503	12.0052883071503	12.0052883071503	12.0052883071503	12.0052883071503	12.0052883071503	12.0052883071503	12.0052883071503	12.0052883071503	12.0052883071503	12.0052883071503	12.0052883071503
"V43"	10.7358722413652	10.7358722413652	10.7358722413652	10.7358722413652	10.7358722413652	10.7358722413652	10.7358722413652	10.7358722413652	10.7358722413652	10.7358722413652	10.7358722413652	10.7358722413652	10.7358722413652	10.7358722413652	10.7358722413652	10.7358722413652	10.7358722413652	10.7358722413652	10.7358722413652	10.7358722413652	10.7358722413652	10.7358722413652	10.7358722413652	10.7358722413652	10.7358722413652	10.7358722413652	10.7358722413652	10.7358722413652	10.7358722413652	10.7358722413652
"V44"	9.6202353047469	9.6202353047469	9.6202353047469	9.6202353047469	9.6202353047469	9.6202353047469	9.6202353047469	9.6202353047469	9.6202353047469	9.6202353047469	9.6202353047469	9.6202353047469	9.6202353047469	9.6202353047469	9.6202353047469	9.6202353047469	9.6202353047469	9.6202353047469	9.6202353047469	9.6202353047469	9.6202353047469	9.6202353047469	9.6202353047469	9.6202353047469	9.6202353047469	9.6202353047469	9.6202353047469	9.6202353047469	9.6202353047469	9.6202353047469
"V45"	8.63740167644693	8.63740167644693	8.63740167644693	8.63740167644693	8.63740167644693	8.63740167644693	8.63740167644693	8.63740167644693	8.63740167644693	8.63740167644693	8.63740167644693	8.63740167644693	8.63740167644693	8.63740167644693	8.63740167644693	8.63740167644693	8.63740167644693	8.63740167644693	8.63740167644693	8.63740167644693	8.63740167644693	8.63740167644693	8.63740167644693	8.63740167644693	8.63740167644693	8.63740167644693	8.63740167644693	8.63740167644693	8.63740167644693	8.63740167644693
"V46"	7.76957202972217	7.76957202972217	7.76957202972217	7.76957202972217	7.76957202972217	7.76957202972217	7.76957202972217	7.76957202972217	7.76957202972217	7.76957202972217	7.76957202972217	7.76957202972217	7.76957202972217	7.76957202972217	7.76957202972217	7.76957202972217	7.76957202972217	7.76957202972217	7.76957202972217	7.76957202972217	7.76957202972217	7.76957202972217	7.76957202972217	7.76957202972217	7.76957202972217	7.76957202972217	7.76957202972217	7.76957202972217	7.76957202972217	7.76957202972217
"V47"	7.00159564097685	7.00159564097685	7.00159564097685	7.00159564097685	7.00159564097685	7.00159564097685	7.00159564097685	7.00159564097685	7.00159564097685	7.00159564097685	7.00159564097685	7.00159564097685	7.00159564097685	7.00159564097685	7.00159564097685	7.00159564097685	7.00159564097685	7.00159564097685	7.00159564097685	7.00159564097685	7.00159564097685	7.00159564097685	7.00159564097685	7.00159564097685	7.00159564097685	7.00159564097685	7.00159564097685	7.00159564097685	7.00159564097685	7.00159564097685
"V48"	6.32053784529748	6.32053784529748	6.32053784529748	6.32053784529748	6.32053784529748	6.32053784529748	6.32053784529748	6.32053784529748	6.32053784529748	6.32053784529748	6.32053784529748	6.32053784529748	6.32053784529748	6.32053784529748	6.32053784529748	6.32053784529748	6.32053784529748	6.32053784529748	6.32053784529748	6.32053784529748	6.32053784529748	6.32053784529748	6.32053784529748	6.32053784529748	6.32053784529748	6.32053784529748	6.32053784529748	6.32053784529748	6.32053784529748	6.32053784529748
"V49"	5.71532427387891	5.71532427387891	5.71532427387891	5.71532427387891	5.71532427387891	5.71532427387891	5.71532427387891	5.71532427387891	5.71532427387891	5.71532427387891	5.71532427387891	5.71532427387891	5.71532427387891	5.71532427387891	5.71532427387891	5.71532427387891	5.71532427387891	5.71532427387891	5.71532427387891	5.71532427387891	5.71532427387891	5.71532427387891	5.71532427387891	5.71532427387891	5.71532427387891	5.71532427387891	5.71532427387891	5.71532427387891	5.71532427387891	5.71532427387891
"V50"	5.17644717835834	5.17644717835834	5.17644717835834	5.17644717835834	5.17644717835834	5.17644717835834	5.17644717835834	5.17644717835834	5.17644717835834	5.17644717835834	5.17644717835834	5.17644717835834	5.17644717835834	5.17644717835834	5.17644717835834	5.17644717835834	5.17644717835834	5.17644717835834	5.17644717835834	5.17644717835834	5.17644717835834	5.17644717835834	5.17644717835834	5.17644717835834	5.17644717835834	5.17644717835834	5.17644717835834	5.17644717835834	5.17644717835834	5.17644717835834
"V51"	4.69572215835676	4.69572215835676	4.69572215835676	4.69572215835676	4.69572215835676	4.69572215835676	4.69572215835676	4.69572215835676	4.69572215835676	4.69572215835676	4.69572215835676	4.69572215835676	4.69572215835676	4.69572215835676	4.69572215835676	4.69572215835676	4.69572215835676	4.69572215835676	4.69572215835676	4.69572215835676	4.69572215835676	4.69572215835676	4.69572215835676	4.69572215835676	4.69572215835676	4.69572215835676	4.69572215835676	4.69572215835676	4.69572215835676	4.69572215835676
"V52"	4.2660859630342	4.2660859630342	4.2660859630342	4.2660859630342	4.2660859630342	4.2660859630342	4.2660859630342	4.2660859630342	4.2660859630342	4.2660859630342	4.2660859630342	4.2660859630342	4.2660859630342	4.2660859630342	4.2660859630342	4.2660859630342	4.2660859630342	4.2660859630342	4.2660859630342	4.2660859630342	4.2660859630342	4.2660859630342	4.2660859630342	4.2660859630342	4.2660859630342	4.2660859630342	4.2660859630342	4.2660859630342	4.2660859630342	4.2660859630342
"V53"	3.8814278868731	3.8814278868731	3.8814278868731	3.8814278868731	3.8814278868731	3.8814278868731	3.8814278868731	3.8814278868731	3.8814278868731	3.8814278868731	3.8814278868731	3.8814278868731	3.8814278868731	3.8814278868731	3.8814278868731	3.8814278868731	3.8814278868731	3.8814278868731	3.8814278868731	3.8814278868731	3.8814278868731	3.8814278868731	3.8814278868731	3.8814278868731	3.8814278868731	3.8814278868731	3.8814278868731	3.8814278868731	3.8814278868731	3.8814278868731
"V54"	3.53644873896853	3.53644873896853	3.53644873896853	3.53644873896853	3.53644873896853	3.53644873896853	3.53644873896853	3.53644873896853	3.53644873896853	3.53644873896853	3.53644873896853	3.53644873896853	3.53644873896853	3.53644873896853	3.53644873896853	3.53644873896853	3.53644873896853	3.53644873896853	3.53644873896853	3.53644873896853	3.53644873896853	3.53644873896853	3.53644873896853	3.53644873896853	3.53644873896853	3.53644873896853	3.53644873896853	3.53644873896853	3.53644873896853	3.53644873896853
"V55"	3.22654252109087	3.22654252109087	3.22654252109087	3.22654252109087	3.22654252109087	3.22654252109087	3.22654252109087	3.22654252109087	3.22654252109087	3.22654252109087	3.22654252109087	3.22654252109087	3.22654252109087	3.22654252109087	3.22654252109087	3.22654252109087	3.22654252109087	3.22654252109087	3.22654252109087	3.22654252109087	3.22654252109087	3.22654252109087	3.22654252109087	3.22654252109087	3.22654252109087	3.22654252109087	3.22654252109087	3.22654252109087	3.22654252109087	3.22654252109087
"V56"	2.94769686939239	2.94769686939239	2.94769686939239	2.94769686939239	2.94769686939239	2.94769686939239	2.94769686939239	2.94769686939239	2.94769686939239	2.94769686939239	2.94769686939239	2.94769686939239	2.94769686939239	2.94769686939239	2.94769686939239	2.94769686939239	2.94769686939239	2.94769686939239	2.94769686939239	2.94769686939239	2.94769686939239	2.94769686939239	2.94769686939239	2.94769686939239	2.94769686939239	2.94769686939239	2.94769686939239	2.94769686939239	2.94769686939239	2.94769686939239
"V57"	2.69640904906852	2.69640904906852	2.69640904906852	2.69640904906852	2.69640904906852	2.69640904906852	2.69640904906852	2.69640904906852	2.69640904906852	2.69640904906852	2.69640904906852	2.69640904906852	2.69640904906852	2.69640904906852	2.69640904906852	2.69640904906852	2.69640904906852	2.69640904906852	2.69640904906852	2.69640904906852	2.69640904906852	2.69640904906852	2.69640904906852	2.69640904906852	2.69640904906852	2.69640904906852	2.69640904906852	2.69640904906852	2.69640904906852	2.69640904906852
"V58"	2.46961488006886	2.46961488006886	2.46961488006886	2.46961488006886	2.46961488006886	2.46961488006886	2.46961488006886	2.46961488006886	2.46961488006886	2.46961488006886	2.46961488006886	2.46961488006886	2.46961488006886	2.46961488006886	2.46961488006886	2.46961488006886	2.46961488006886	2.46961488006886	2.46961488006886	2.46961488006886	2.46961488006886	2.46961488006886	2.46961488006886	2.46961488006886	2.46961488006886	2.46961488006886	2.46961488006886	2.46961488006886	2.46961488006886	2.46961488006886
"V59"	2.26462844569862	2.26462844569862	2.26462844569862	2.26462844569862	2.26462844569862	2.26462844569862	2.26462844569862	2.26462844569862	2.26462844569862	2.26462844569862	2.26462844569862	2.26462844569862	2.26462844569862	2.26462844569862	2.26462844569862	2.26462844569862	2.26462844569862	2.26462844569862	2.26462844569862	2.26462844569862	2.26462844569862	2.26462844569862	2.26462844569862	2.26462844569862	2.26462844569862	2.26462844569862	2.26462844569862	2.26462844569862	2.26462844569862	2.26462844569862
"V60"	2.07909081848327	2.07909081848327	2.07909081848327	2.07909081848327	2.07909081848327	2.07909081848327	2.07909081848327	2.07909081848327	2.07909081848327	2.07909081848327	2.07909081848327	2.07909081848327	2.07909081848327	2.07909081848327	2.07909081848327	2.07909081848327	2.07909081848327	2.07909081848327	2.07909081848327	2.07909081848327	2.07909081848327	2.07909081848327	2.07909081848327	2.07909081848327	2.07909081848327	2.07909081848327	2.07909081848327	2.07909081848327	2.07909081848327	2.07909081848327
"V61"	1.91092634760729	1.91092634760729	1.91092634760729	1.91092634760729	1.91092634760729	1.91092634760729	1.91092634760729	1.91092634760729	1.91092634760729	1.91092634760729	1.91092634760729	1.91092634760729	1.91092634760729	1.91092634760729	1.91092634760729	1.91092634760729	1.91092634760729	1.91092634760729	1.91092634760729	1.91092634760729	1.91092634760729	1.91092634760729	1.91092634760729	1.91092634760729	1.91092634760729	1.91092634760729	1.91092634760729	1.91092634760729	1.91092634760729	1.91092634760729
"V62"	1.75830530418833	1.75830530418833	1.75830530418833	1.75830530418833	1.75830530418833	1.75830530418833	1.75830530418833	1.75830530418833	1.75830530418833	1.75830530418833	1.75830530418833	1.75830530418833	1.75830530418833	1.75830530418833	1.75830530418833	1.75830530418833	1.75830530418833	1.75830530418833	1.75830530418833	1.75830530418833	1.75830530418833	1.75830530418833	1.75830530418833	1.75830530418833	1.75830530418833	1.75830530418833	1.75830530418833	1.75830530418833	1.75830530418833	1.75830530418833
"V63"	1.6196118861159	1.6196118861159	1.6196118861159	1.6196118861159	1.6196118861159	1.6196118861159	1.6196118861159	1.6196118861159	1.6196118861159	1.6196118861159	1.6196118861159	1.6196118861159	1.6196118861159	1.6196118861159	1.6196118861159	1.6196118861159	1.6196118861159	1.6196118861159	1.6196118861159	1.6196118861159	1.6196118861159	1.6196118861159	1.6196118861159	1.6196118861159	1.6196118861159	1.6196118861159	1.6196118861159	1.6196118861159	1.6196118861159	1.6196118861159
"V64"	1.49341675226379	1.49341675226379	1.49341675226379	1.49341675226379	1.49341675226379	1.49341675226379	1.49341675226379	1.49341675226379	1.49341675226379	1.49341675226379	1.49341675226379	1.49341675226379	1.49341675226379	1.49341675226379	1.49341675226379	1.49341675226379	1.49341675226379	1.49341675226379	1.49341675226379	1.49341675226379	1.49341675226379	1.49341675226379	1.49341675226379	1.49341675226379	1.49341675226379	1.49341675226379	1.49341675226379	1.49341675226379	1.49341675226379	1.49341675226379
"V65"	1.37845339379403	1.37845339379403	1.37845339379403	1.37845339379403	1.37845339379403	1.37845339379403	1.37845339379403	1.37845339379403	1.37845339379403	1.37845339379403	1.37845339379403	1.37845339379403	1.37845339379403	1.37845339379403	1.37845339379403	1.37845339379403	1.37845339379403	1.37845339379403	1.37845339379403	1.37845339379403	1.37845339379403	1.37845339379403	1.37845339379403	1.37845339379403	1.37845339379403	1.37845339379403	1.37845339379403	1.37845339379403	1.37845339379403	1.37845339379403
"V66"	1.27359776375164	1.27359776375164	1.27359776375164	1.27359776375164	1.27359776375164	1.27359776375164	1.27359776375164	1.27359776375164	1.27359776375164	1.27359776375164	1.27359776375164	1.27359776375164	1.27359776375164	1.27359776375164	1.27359776375164	1.27359776375164	1.27359776375164	1.27359776375164	1.27359776375164	1.27359776375164	1.27359776375164	1.27359776375164	1.27359776375164	1.27359776375164	1.27359776375164	1.27359776375164	1.27359776375164	1.27359776375164	1.27359776375164	1.27359776375164
"V67"	1.17785067979511	1.17785067979511	1.17785067979511	1.17785067979511	1.17785067979511	1.17785067979511	1.17785067979511	1.17785067979511	1.17785067979511	1.17785067979511	1.17785067979511	1.17785067979511	1.17785067979511	1.17785067979511	1.17785067979511	1.17785067979511	1.17785067979511	1.17785067979511	1.17785067979511	1.17785067979511	1.17785067979511	1.17785067979511	1.17785067979511	1.17785067979511	1.17785067979511	1.17785067979511	1.17785067979511	1.17785067979511	1.17785067979511	1.17785067979511
"V68"	1.09032259239518	1.09032259239518	1.09032259239518	1.09032259239518	1.09032259239518	1.09032259239518	1.09032259239518	1.09032259239518	1.09032259239518	1.09032259239518	1.09032259239518	1.09032259239518	1.09032259239518	1.09032259239518	1.09032259239518	1.09032259239518	1.09032259239518	1.09032259239518	1.09032259239518	1.09032259239518	1.09032259239518	1.09032259239518	1.09032259239518	1.09032259239518	1.09032259239518	1.09032259239518	1.09032259239518	1.09032259239518	1.09032259239518	1.09032259239518
"V69"	1.01022037512259	1.01022037512259	1.01022037512259	1.01022037512259	1.01022037512259	1.01022037512259	1.01022037512259	1.01022037512259	1.01022037512259	1.01022037512259	1.01022037512259	1.01022037512259	1.01022037512259	1.01022037512259	1.01022037512259	1.01022037512259	1.01022037512259	1.01022037512259	1.01022037512259	1.01022037512259	1.01022037512259	1.01022037512259	1.01022037512259	1.01022037512259	1.01022037512259	1.01022037512259	1.01022037512259	1.01022037512259	1.01022037512259	1.01022037512259
"V70"	0.93683584712059	0.93683584712059	0.93683584712059	0.93683584712059	0.93683584712059	0.93683584712059	0.93683584712059	0.93683584712059	0.93683584712059	0.93683584712059	0.93683584712059	0.93683584712059	0.93683584712059	0.93683584712059	0.93683584712059	0.93683584712059	0.93683584712059	0.93683584712059	0.93683584712059	0.93683584712059	0.93683584712059	0.93683584712059	0.93683584712059	0.93683584712059	0.93683584712059	0.93683584712059	0.93683584712059	0.93683584712059	0.93683584712059	0.93683584712059
"V71"	0.869535782449686	0.869535782449686	0.869535782449686	0.869535782449686	0.869535782449686	0.869535782449686	0.869535782449686	0.869535782449686	0.869535782449686	0.869535782449686	0.869535782449686	0.869535782449686	0.869535782449686	0.869535782449686	0.869535782449686	0.869535782449686	0.869535782449686	0.869535782449686	0.869535782449686	0.869535782449686	0.869535782449686	0.869535782449686	0.869535782449686	0.869535782449686	0.869535782449686	0.869535782449686	0.869535782449686	0.869535782449686	0.869535782449686	0.869535782449686
"V72"	0.80775319826693	0.80775319826693	0.80775319826693	0.80775319826693	0.80775319826693	0.80775319826693	0.80775319826693	0.80775319826693	0.80775319826693	0.80775319826693	0.80775319826693	0.80775319826693	0.80775319826693	0.80775319826693	0.80775319826693	0.80775319826693	0.80775319826693	0.80775319826693	0.80775319826693	0.80775319826693	0.80775319826693	0.80775319826693	0.80775319826693	0.80775319826693	0.80775319826693	0.80775319826693	0.80775319826693	0.80775319826693	0.80775319826693	0.80775319826693
"V73"	0.75097974503471	0.75097974503471	0.75097974503471	0.75097974503471	0.75097974503471	0.75097974503471	0.75097974503471	0.75097974503471	0.75097974503471	0.75097974503471	0.75097974503471	0.75097974503471	0.75097974503471	0.75097974503471	0.75097974503471	0.75097974503471	0.75097974503471	0.75097974503471	0.75097974503471	0.75097974503471	0.75097974503471	0.75097974503471	0.75097974503471	0.75097974503471	0.75097974503471	0.75097974503471	0.75097974503471	0.75097974503471	0.75097974503471	0.75097974503471
"V74"	0.69875904818365	0.69875904818365	0.69875904818365	0.69875904818365	0.69875904818365	0.69875904818365	0.69875904818365	0.69875904818365	0.69875904818365	0.69875904818365	0.69875904818365	0.69875904818365	0.69875904818365	0.69875904818365	0.69875904818365	0.69875904818365	0.69875904818365	0.69875904818365	0.69875904818365	0.69875904818365	0.69875904818365	0.69875904818365	0.69875904818365	0.69875904818365	0.69875904818365	0.69875904818365	0.69875904818365	0.69875904818365	0.69875904818365	0.69875904818365
"V75"	0.650680872732137	0.650680872732137	0.650680872732137	0.650680872732137	0.650680872732137	0.650680872732137	0.650680872732137	0.650680872732137	0.650680872732137	0.650680872732137	0.650680872732137	0.650680872732137	0.650680872732137	0.650680872732137	0.650680872732137	0.650680872732137	0.650680872732137	0.650680872732137	0.650680872732137	0.650680872732137	0.650680872732137	0.650680872732137	0.650680872732137	0.650680872732137	0.650680872732137	0.650680872732137	0.650680872732137	0.650680872732137	0.650680872732137	0.650680872732137
"V76"	0.606376000988591	0.606376000988591	0.606376000988591	0.606376000988591	0.606376000988591	0.606376000988591	0.606376000988591	0.606376000988591	0.606376000988591	0.606376000988591	0.606376000988591	0.606376000988591	0.606376000988591	0.606376000988591	0.606376000988591	0.606376000988591	0.606376000988591	0.606376000988591	0.606376000988591	0.606376000988591	0.606376000988591	0.606376000988591	0.606376000988591	0.606376000988591	0.606376000988591	0.606376000988591	0.606376000988591	0.606376000988591	0.606376000988591	0.606376000988591
"V77"	0.565511729205994	0.565511729205994	0.565511729205994	0.565511729205994	0.565511729205994	0.565511729205994	0.565511729205994	0.565511729205994	0.565511729205994	0.565511729205994	0.565511729205994	0.565511729205994	0.565511729205994	0.565511729205994	0.565511729205994	0.565511729205994	0.565511729205994	0.565511729205994	0.565511729205994	0.565511729205994	0.565511729205994	0.565511729205994	0.565511729205994	0.565511729205994	0.565511729205994	0.565511729205994	0.565511729205994	0.565511729205994	0.565511729205994	0.565511729205994
"V78"	0.527787902394031	0.527787902394031	0.527787902394031	0.527787902394031	0.527787902394031	0.527787902394031	0.527787902394031	0.527787902394031	0.527787902394031	0.527787902394031	0.527787902394031	0.527787902394031	0.527787902394031	0.527787902394031	0.527787902394031	0.527787902394031	0.527787902394031	0.527787902394031	0.527787902394031	0.527787902394031	0.527787902394031	0.527787902394031	0.527787902394031	0.527787902394031	0.527787902394031	0.527787902394031	0.527787902394031	0.527787902394031	0.527787902394031	0.527787902394031
"V79"	0.492933417813864	0.492933417813864	0.492933417813864	0.492933417813864	0.492933417813864	0.492933417813864	0.492933417813864	0.492933417813864	0.492933417813864	0.492933417813864	0.492933417813864	0.492933417813864	0.492933417813864	0.492933417813864	0.492933417813864	0.492933417813864	0.492933417813864	0.492933417813864	0.492933417813864	0.492933417813864	0.492933417813864	0.492933417813864	0.492933417813864	0.492933417813864	0.492933417813864	0.492933417813864	0.492933417813864	0.492933417813864	0.492933417813864	0.492933417813864
"V80"	0.460703137307463	0.460703137307463	0.460703137307463	0.460703137307463	0.460703137307463	0.460703137307463	0.460703137307463	0.460703137307463	0.460703137307463	0.460703137307463	0.460703137307463	0.460703137307463	0.460703137307463	0.460703137307463	0.460703137307463	0.460703137307463	0.460703137307463	0.460703137307463	0.460703137307463	0.460703137307463	0.460703137307463	0.460703137307463	0.460703137307463	0.460703137307463	0.460703137307463	0.460703137307463	0.460703137307463	0.460703137307463	0.460703137307463	0.460703137307463
"V81"	0.430875156816494	0.430875156816494	0.430875156816494	0.430875156816494	0.430875156816494	0.430875156816494	0.430875156816494	0.430875156816494	0.430875156816494	0.430875156816494	0.430875156816494	0.430875156816494	0.430875156816494	0.430875156816494	0.430875156816494	0.430875156816494	0.430875156816494	0.430875156816494	0.430875156816494	0.430875156816494	0.430875156816494	0.430875156816494	0.430875156816494	0.430875156816494	0.430875156816494	0.430875156816494	0.430875156816494	0.430875156816494	0.430875156816494	0.430875156816494
"V82"	0.403248388448791	0.403248388448791	0.403248388448791	0.403248388448791	0.403248388448791	0.403248388448791	0.403248388448791	0.403248388448791	0.403248388448791	0.403248388448791	0.403248388448791	0.403248388448791	0.403248388448791	0.403248388448791	0.403248388448791	0.403248388448791	0.403248388448791	0.403248388448791	0.403248388448791	0.403248388448791	0.403248388448791	0.403248388448791	0.403248388448791	0.403248388448791	0.403248388448791	0.403248388448791	0.403248388448791	0.403248388448791	0.403248388448791	0.403248388448791
"V83"	0.377640416439706	0.377640416439706	0.377640416439706	0.377640416439706	0.377640416439706	0.377640416439706	0.377640416439706	0.377640416439706	0.377640416439706	0.377640416439706	0.377640416439706	0.377640416439706	0.377640416439706	0.377640416439706	0.377640416439706	0.377640416439706	0.377640416439706	0.377640416439706	0.377640416439706	0.377640416439706	0.377640416439706	0.377640416439706	0.377640416439706	0.377640416439706	0.377640416439706	0.377640416439706	0.377640416439706	0.377640416439706	0.377640416439706	0.377640416439706
"V84"	0.35388559348721	0.35388559348721	0.35388559348721	0.35388559348721	0.35388559348721	0.35388559348721	0.35388559348721	0.35388559348721	0.35388559348721	0.35388559348721	0.35388559348721	0.35388559348721	0.35388559348721	0.35388559348721	0.35388559348721	0.35388559348721	0.35388559348721	0.35388559348721	0.35388559348721	0.35388559348721	0.35388559348721	0.35388559348721	0.35388559348721	0.35388559348721	0.35388559348721	0.35388559348721	0.35388559348721	0.35388559348721	0.35388559348721	0.35388559348721
"V85"	0.331833348343826	0.331833348343826	0.331833348343826	0.331833348343826	0.331833348343826	0.331833348343826	0.331833348343826	0.331833348343826	0.331833348343826	0.331833348343826	0.331833348343826	0.331833348343826	0.331833348343826	0.331833348343826	0.331833348343826	0.331833348343826	0.331833348343826	0.331833348343826	0.331833348343826	0.331833348343826	0.331833348343826	0.331833348343826	0.331833348343826	0.331833348343826	0.331833348343826	0.331833348343826	0.331833348343826	0.331833348343826	0.331833348343826	0.331833348343826
"V86"	0.311346679335004	0.311346679335004	0.311346679335004	0.311346679335004	0.311346679335004	0.311346679335004	0.311346679335004	0.311346679335004	0.311346679335004	0.311346679335004	0.311346679335004	0.311346679335004	0.311346679335004	0.311346679335004	0.311346679335004	0.311346679335004	0.311346679335004	0.311346679335004	0.311346679335004	0.311346679335004	0.311346679335004	0.311346679335004	0.311346679335004	0.311346679335004	0.311346679335004	0.311346679335004	0.311346679335004	0.311346679335004	0.311346679335004	0.311346679335004
"V87"	0.292300811734228	0.292300811734228	0.292300811734228	0.292300811734228	0.292300811734228	0.292300811734228	0.292300811734228	0.292300811734228	0.292300811734228	0.292300811734228	0.292300811734228	0.292300811734228	0.292300811734228	0.292300811734228	0.292300811734228	0.292300811734228	0.292300811734228	0.292300811734228	0.292300811734228	0.292300811734228	0.292300811734228	0.292300811734228	0.292300811734228	0.292300811734228	0.292300811734228	0.292300811734228	0.292300811734228	0.292300811734228	0.292300811734228	0.292300811734228
"V88"	0.274581999737834	0.274581999737834	0.274581999737834	0.274581999737834	0.274581999737834	0.274581999737834	0.274581999737834	0.274581999737834	0.274581999737834	0.274581999737834	0.274581999737834	0.274581999737834	0.274581999737834	0.274581999737834	0.274581999737834	0.274581999737834	0.274581999737834	0.274581999737834	0.274581999737834	0.274581999737834	0.274581999737834	0.274581999737834	0.274581999737834	0.274581999737834	0.274581999737834	0.274581999737834	0.274581999737834	0.274581999737834	0.274581999737834	0.274581999737834
"V89"	0.258086456212328	0.258086456212328	0.258086456212328	0.258086456212328	0.258086456212328	0.258086456212328	0.258086456212328	0.258086456212328	0.258086456212328	0.258086456212328	0.258086456212328	0.258086456212328	0.258086456212328	0.258086456212328	0.258086456212328	0.258086456212328	0.258086456212328	0.258086456212328	0.258086456212328	0.258086456212328	0.258086456212328	0.258086456212328	0.258086456212328	0.258086456212328	0.258086456212328	0.258086456212328	0.258086456212328	0.258086456212328	0.258086456212328	0.258086456212328
"V90"	0.242719395489509	0.242719395489509	0.242719395489509	0.242719395489509	0.242719395489509	0.242719395489509	0.242719395489509	0.242719395489509	0.242719395489509	0.242719395489509	0.242719395489509	0.242719395489509	0.242719395489509	0.242719395489509	0.242719395489509	0.242719395489509	0.242719395489509	0.242719395489509	0.242719395489509	0.242719395489509	0.242719395489509	0.242719395489509	0.242719395489509	0.242719395489509	0.242719395489509	0.242719395489509	0.242719395489509	0.242719395489509	0.242719395489509	0.242719395489509
"V91"	0.228394176306736	0.228394176306736	0.228394176306736	0.228394176306736	0.228394176306736	0.228394176306736	0.228394176306736	0.228394176306736	0.228394176306736	0.228394176306736	0.228394176306736	0.228394176306736	0.228394176306736	0.228394176306736	0.228394176306736	0.228394176306736	0.228394176306736	0.228394176306736	0.228394176306736	0.228394176306736	0.228394176306736	0.228394176306736	0.228394176306736	0.228394176306736	0.228394176306736	0.228394176306736	0.228394176306736	0.228394176306736	0.228394176306736	0.228394176306736
"V92"	0.215031533570842	0.215031533570842	0.215031533570842	0.215031533570842	0.215031533570842	0.215031533570842	0.215031533570842	0.215031533570842	0.215031533570842	0.215031533570842	0.215031533570842	0.215031533570842	0.215031533570842	0.215031533570842	0.215031533570842	0.215031533570842	0.215031533570842	0.215031533570842	0.215031533570842	0.215031533570842	0.215031533570842	0.215031533570842	0.215031533570842	0.215031533570842	0.215031533570842	0.215031533570842	0.215031533570842	0.215031533570842	0.215031533570842	0.215031533570842
"V93"	0.202558888998585	0.202558888998585	0.202558888998585	0.202558888998585	0.202558888998585	0.202558888998585	0.202558888998585	0.202558888998585	0.202558888998585	0.202558888998585	0.202558888998585	0.202558888998585	0.202558888998585	0.202558888998585	0.202558888998585	0.202558888998585	0.202558888998585	0.202558888998585	0.202558888998585	0.202558888998585	0.202558888998585	0.202558888998585	0.202558888998585	0.202558888998585	0.202558888998585	0.202558888998585	0.202558888998585	0.202558888998585	0.202558888998585	0.202558888998585
"V94"	0.190909731882651	0.190909731882651	0.190909731882651	0.190909731882651	0.190909731882651	0.190909731882651	0.190909731882651	0.190909731882651	0.190909731882651	0.190909731882651	0.190909731882651	0.190909731882651	0.190909731882651	0.190909731882651	0.190909731882651	0.190909731882651	0.190909731882651	0.190909731882651	0.190909731882651	0.190909731882651	0.190909731882651	0.190909731882651	0.190909731882651	0.190909731882651	0.190909731882651	0.190909731882651	0.190909731882651	0.190909731882651	0.190909731882651	0.190909731882651
"V95"	0.180023062274762	0.180023062274762	0.180023062274762	0.180023062274762	0.180023062274762	0.180023062274762	0.180023062274762	0.180023062274762	0.180023062274762	0.180023062274762	0.180023062274762	0.180023062274762	0.180023062274762	0.180023062274762	0.180023062274762	0.180023062274762	0.180023062274762	0.180023062274762	0.180023062274762	0.180023062274762	0.180023062274762	0.180023062274762	0.180023062274762	0.180023062274762	0.180023062274762	0.180023062274762	0.180023062274762	0.180023062274762	0.180023062274762	0.180023062274762
"V96"	0.169842889787356	0.169842889787356	0.169842889787356	0.169842889787356	0.169842889787356	0.169842889787356	0.169842889787356	0.169842889787356	0.169842889787356	0.169842889787356	0.169842889787356	0.169842889787356	0.169842889787356	0.169842889787356	0.169842889787356	0.169842889787356	0.169842889787356	0.169842889787356	0.169842889787356	0.169842889787356	0.169842889787356	0.169842889787356	0.169842889787356	0.169842889787356	0.169842889787356	0.169842889787356	0.169842889787356	0.169842889787356	0.169842889787356	0.169842889787356
"V97"	0.160317782010494	0.160317782010494	0.160317782010494	0.160317782010494	0.160317782010494	0.160317782010494	0.160317782010494	0.160317782010494	0.160317782010494	0.160317782010494	0.160317782010494	0.160317782010494	0.160317782010494	0.160317782010494	0.160317782010494	0.160317782010494	0.160317782010494	0.160317782010494	0.160317782010494	0.160317782010494	0.160317782010494	0.160317782010494	0.160317782010494	0.160317782010494	0.160317782010494	0.160317782010494	0.160317782010494	0.160317782010494	0.160317782010494	0.160317782010494
"V98"	0.151400457236514	0.151400457236514	0.151400457236514	0.151400457236514	0.151400457236514	0.151400457236514	0.151400457236514	0.151400457236514	0.151400457236514	0.151400457236514	0.151400457236514	0.151400457236514	0.151400457236514	0.151400457236514	0.151400457236514	0.151400457236514	0.151400457236514	0.151400457236514	0.151400457236514	0.151400457236514	0.151400457236514	0.151400457236514	0.151400457236514	0.151400457236514	0.151400457236514	0.151400457236514	0.151400457236514	0.151400457236514	0.151400457236514	0.151400457236514
"V99"	0.14304741679464	0.14304741679464	0.14304741679464	0.14304741679464	0.14304741679464	0.14304741679464	0.14304741679464	0.14304741679464	0.14304741679464	0.14304741679464	0.14304741679464	0.14304741679464	0.14304741679464	0.14304741679464	0.14304741679464	0.14304741679464	0.14304741679464	0.14304741679464	0.14304741679464	0.14304741679464	0.14304741679464	0.14304741679464	0.14304741679464	0.14304741679464	0.14304741679464	0.14304741679464	0.14304741679464	0.14304741679464	0.14304741679464	0.14304741679464
"V100"	0.135218612832674	0.135218612832674	0.135218612832674	0.135218612832674	0.135218612832674	0.135218612832674	0.135218612832674	0.135218612832674	0.135218612832674	0.135218612832674	0.135218612832674	0.135218612832674	0.135218612832674	0.135218612832674	0.135218612832674	0.135218612832674	0.135218612832674	0.135218612832674	0.135218612832674	0.135218612832674	0.135218612832674	0.135218612832674	0.135218612832674	0.135218612832674	0.135218612832674	0.135218612832674	0.135218612832674	0.135218612832674	0.135218612832674	0.135218612832674
